{
  "version": 16,
  "elements": [
    {
      "code": "Satindicator",
      "position": 0,
      "label": "Sat indicator",
      "value": 32,
      "class": "gpsNumSettings"
    },
    {
      "code": "Directionto home",
      "position": 1,
      "label": "Direction to home",
      "value": 51,
      "class": "gpsDirectionSettings"
    },
    {
      "code": "Distance",
      "position": 2,
      "label": "Distance",
      "value": 54,
      "class": "gpsDistanceSettings"
    },
    {
      "code": "Speed",
      "position": 3,
      "label": "Speed",
      "value": 183,
      "class": "speedSettings"
    },
    {
      "code": "Angleto home",
      "position": 4,
      "label": "Angle to home",
      "value": 144,
      "class": "eagleToHomePositionSettings"
    },
    {
      "code": "GPSaltitude",
      "position": 5,
      "label": "GPS altitude",
      "value": 84,
      "class": "gpsAltitudeSettings"
    },
    {
      "code": "Sensor",
      "position": 6,
      "label": "Sensor",
      "value": 36,
      "class": "senzorsSettings"
    },
    {
      "code": "Heading",
      "position": 7,
      "label": "Heading",
      "value": 114,
      "class": "headingSettings"
    },
    {
      "code": "Compass",
      "position": 8,
      "label": "Compass",
      "value": 40,
      "enable": false,
      "class": "compassSettings"
    },

    {
      "code": "Altitude",
      "position": 9,
      "label": "Altitude",
      "value": 203,
      "class": "altitudeSettings"
    },
    {
      "code": "ClimbRate",
      "position": 10,
      "label": "Vario",
      "value": 202,
      "class": "climbRateSettings"
    },
    {
      "code": "Throttle",
      "position": 11,
      "label": "Throttle",
      "value": 352,
      "class": "throttleSettings"
    },
    {
      "code": "Timer",
      "position": 13,
      "label": "Timer",
      "value": 382,
      "class": "timerSettings"
    },
    {
      "code": "ArmedStatus",
      "position": 14,
      "label": "Armed Status",
      "value": 311,
      "class": "armedStatusSettings"
    },
    {
      "code": "PitchAngle",
      "position": 15,
      "label": "Pitch Angle",
      "value": 233,
      "class": "pichAngleSettings"
    },
    {
      "code": "RollAngle",
      "position": 16,
      "label": "Roll Angle",
      "value": 263,
      "class": "rollAngleSettings"
    },
    {
      "code": "Latitude",
      "position": 17,
      "label": "Latitude",
      "value": 2,
      "class": "latitudeSettings"
    },
    {
      "code": "Longitude",
      "position": 18,
      "label": "Longitude",
      "value": 17,
      "class": "longtitudeSettings"
    },
    {
      "code": "RSSI",
      "position": 19,
      "label": "RSSI",
      "value": 333,
      "class": "rssiSettings"
    },
    {
      "code": "Temperature",
      "position": 20,
      "label": "Temperature",
      "value": 213,
      "class": "tempeatureSettings"
    },
    {
      "code": "Voltage- main",
      "position": 21,
      "label": "Voltage - main",
      "value": 363,
      "class": "vBatSettings"
    },
    {
      "code": "Voltage- video",
      "position": 22,
      "label": "Voltage - video",
      "value": 303,
      "class": "vBatVidSettings"
    },
    {
      "code": "Amps",
      "position": 23,
      "label": "Amps",
      "value": 369,
      "class": "ampSettings"
    },
    {
      "code": "mAh",
      "position": 24,
      "label": "mAh",
      "value": 376,
      "class": "mahSettings"
    },
    {
      "code": "AHI-horizon",
      "position": 25,
      "label": "AHI-horizon",
      "value": 194,
      "class": "ahiHorizon"
    },
    {
      "code": "AHI-sidebars",
      "position": 26,
      "label": "AHI-sidebars",
      "value": 187,
      "class": "ahiSidebars"
    },
    {
      "code": "Gimbal",
      "position": 30,
      "label": "Gimbal",
      "value": 122,
      "class": "gymbal"
    },
    {
      "code": "GPStime",
      "position": 31,
      "label": "GPS time",
      "value": 341,
      "class": "gpsTime"
    },
    {
      "code": "Mode",
      "position": 33,
      "label": "Mode",
      "value": 92,
      "class": "mode",
      "params" : {
        "neededInfo": true
      }
    },
    {
      "code": "Mapmode",
      "position": 34,
      "label": "Map Mode distance",
      "value": 46,
      "class": "mapMode"
    },
    {
      "code": "Mapcenter",
      "position": 35,
      "label": "Map Mode center",
      "value": 195,
      "class": "mapCenter"
    },
    {
      "code": "APstatus",
      "position": 36,
      "label": "AP status",
      "value": 70,
      "class": "apStAtus"
    },
    {
      "code": "Watts",
      "position": 37,
      "label": "Watts",
      "value": 339,
      "class": "wats"
    },
    {
      "code": "Glidescope",
      "position": 38,
      "label": "Glidescope",
      "value": 186,
      "class": "gliderscope",
      "params": {
        "conditions": [
          "fixedwing"
        ]
      }
    },
    {
      "code": "CallSign",
      "position": 39,
      "label": "Call Sign",
      "value": 280,
      "class": "callsign",
      "params" : {
        "neededInfo": true
      }
    },
    {
      "code": "Debug",
      "position": 40,
      "label": "Debug",
      "value": 220
    },
    {
      "code": "ClimbratevaluePosition",
      "position": 41,
      "label": "Climb Rate",
      "value": 253,
      "class": "Climbrate"
    },
    {
      "code": "EfficiencyPosition",
      "position": 42,
      "label": "Efficiency",
      "value": 212,
      "class": "Efficiency"
    },
    {
      "code": "AvgefficiencyPosition",
      "position": 43,
      "label": "Avg Efficiency",
      "value": 272,
      "class": "Avgefficiency"
    },
    {
      "code": "AIR_speedPosition",
      "position": 44,
      "label": "AIR speed",
      "value": 152,
      "class": "AIR_speed"
    },
    {
      "code": "MAX_speedPosition",
      "position": 45,
      "label": "MAX Speed",
      "value": 128,
      "class": "MAX_speed"
    },
    {
      "code": "TotalDistanceposition",
      "position": 46,
      "label": "Total Distance",
      "value": 218,
      "class": "TotalDistance"
    },
    {
      "code": "WIND_speedPosition",
      "position": 47,
      "label": "WIND Speed",
      "value": 379,
      "class": "WIND_speed"
    },
    {
      "code": "MaxDistanceposition",
      "position": 48,
      "label": "Max Distance",
      "value": 158,
      "class": "MaxDistance"
    },
    {
      "code": "DOPposition",
      "position": 49,
      "label": "GPS - DOP",
      "value": 36,
      "class": "DOP"
    }
  ]
}
